Competitor URLs,Primary Keyword,Similarity,Content Opportunity,Techopedia Similar URLs
 https://toolprime.com/ac-to-dc-converter,ac to dc converter,77,Content opportunity, https://www.prepostseo.com/ico-converter
 https://toolprime.com/arc-length-calculator,arc length calculator,74,Content opportunity, https://www.prepostseo.com/calc/ltv-calculator
 https://toolprime.com/arccos-calculator,arccos calculator,77,Content opportunity, https://www.prepostseo.com/calc/age-calculator
 https://toolprime.com/antilog-calculator,antilog calculator,81,Content opportunity, https://www.prepostseo.com/calc/age-calculator
 https://toolprime.com/amount-of-substance,amount of substance,45,Content opportunity, https://www.prepostseo.com/line-counter
 https://toolprime.com/slope-intercept-form,slope intercept form,51,Content opportunity,https://rescribe.in/for-patients.php
 https://toolprime.com/billion-to-million,billion to million,45,Content opportunity, https://www.prepostseo.com/tool/binary-to-hex
 https://toolprime.com/billion-to-crore,billion to crore,55,Content opportunity, https://www.prepostseo.com/tool/binary-to-hex
 https://toolprime.com/proportion-calculator,proportion calculator,74,Content opportunity, https://www.prepostseo.com/calc/margin-calculator
 https://toolprime.com/multiplication-table,multiplication table,50,Content opportunity, https://www.prepostseo.com/calc/octal-calculator
 https://toolprime.com/summation-calculator,summation calculator,81,Content opportunity, https://www.prepostseo.com/calc/margin-calculator
 https://toolprime.com/twos-complement,twos complement,52,Content opportunity, https://www.prepostseo.com/text-compare
 https://toolprime.com/point-slope-form,point slope form,65,Content opportunity,https://rescribe.in/for-patients.php
 https://toolprime.com/arithmetic-progression,arithmetic progression,48,Content opportunity, https://www.prepostseo.com/domain-authority-premium
 https://toolprime.com/significant-figures,significant figures,43,Content opportunity, https://www.prepostseo.com/minify-js
 https://toolprime.com/cubic-feet-calculator,cubic feet calculator,74,Content opportunity, https://www.prepostseo.com/calc/cpc-calculator
 https://toolprime.com/exponent-calculator,exponent calculator,79,Content opportunity, https://www.prepostseo.com/calc/hex-calculator
 https://toolprime.com/minify-js,minify js,100,Existing page, https://www.prepostseo.com/minify-js
 https://toolprime.com/minify-css,minify css,100,Existing page, https://www.prepostseo.com/minify-css
 https://toolprime.com/xml-to-json,xml to json,55,Content opportunity, https://www.prepostseo.com/minify-json
 https://toolprime.com/text-to-binary,text to binary,89,Potentially existing, https://www.prepostseo.com/tool/binary-to-hex
 https://toolprime.com/reverse-text-generator,reverse text generator,100,Existing page, https://www.prepostseo.com/tool/reverse-text-generator
 https://toolprime.com/url-encode,url encode,69,Content opportunity, https://www.prepostseo.com/url-encoder-decoder
 https://toolprime.com/html-beautifier,html beautifier,100,Existing page, https://www.prepostseo.com/html-beautifier
 https://toolprime.com/md5-hash-generator,md5 hash generator,72,Content opportunity, https://www.prepostseo.com/tool/password-generator
 https://toolprime.com/html-minifier,html minifier,83,Content opportunity, https://www.prepostseo.com/minify-html
 https://toolprime.com/json-minifier,json minifier,83,Content opportunity, https://www.prepostseo.com/minify-json
 https://toolprime.com/flip-text,flip text,60,Content opportunity, https://www.prepostseo.com/pdf-to-text
 https://toolprime.com/random-time-generator,random time generator,81,Content opportunity, https://www.prepostseo.com/tool/random-word-generator
 https://toolprime.com/random-date-generator,random date generator,76,Content opportunity, https://www.prepostseo.com/tool/random-word-generator
 https://toolprime.com/ascii-to-binary,ascii to binary,71,Content opportunity, https://www.prepostseo.com/tool/ascii-to-decimal
 https://toolprime.com/ascii-to-text,ascii to text,100,Existing page, https://www.prepostseo.com/tool/ascii-to-text
 https://toolprime.com/binary-to-ascii,binary to ascii,71,Content opportunity, https://www.prepostseo.com/tool/ascii-to-decimal
 https://toolprime.com/binary-to-decimal,binary to decimal,81,Content opportunity, https://www.prepostseo.com/tool/binary-to-octal
 https://toolprime.com/binary-to-hexadecimal,binary to hexadecimal,76,Content opportunity, https://www.prepostseo.com/tool/binary-to-hex
 https://toolprime.com/binary-to-text,binary to text,89,Potentially existing, https://www.prepostseo.com/tool/binary-to-hex
 https://toolprime.com/decimal-to-binary,decimal to binary,81,Content opportunity, https://www.prepostseo.com/tool/binary-to-octal
 https://toolprime.com/hexadecimal-to-binary,hexadecimal to binary,76,Content opportunity, https://www.prepostseo.com/tool/binary-to-hex
 https://toolprime.com/text-to-ascii,text to ascii,100,Existing page, https://www.prepostseo.com/tool/ascii-to-text
 https://toolprime.com/decimal-to-hexadecimal,decimal to hexadecimal,78,Content opportunity, https://www.prepostseo.com/tool/hex-to-decimal
 https://toolprime.com/hexadecimal-to-decimal,hexadecimal to decimal,78,Content opportunity, https://www.prepostseo.com/tool/hex-to-decimal
 https://toolprime.com/octal-to-binary,octal to binary,100,Existing page, https://www.prepostseo.com/tool/binary-to-octal
 https://toolprime.com/binary-to-octal,binary to octal,100,Existing page, https://www.prepostseo.com/tool/binary-to-octal
 https://toolprime.com/octal-to-decimal,octal to decimal,100,Existing page, https://www.prepostseo.com/tool/decimal-to-octal
 https://toolprime.com/decimal-to-octal,decimal to octal,100,Existing page, https://www.prepostseo.com/tool/decimal-to-octal
 https://toolprime.com/octal-to-text,octal to text,69,Content opportunity, https://www.prepostseo.com/tool/ascii-to-text
 https://toolprime.com/text-to-octal,text to octal,69,Content opportunity, https://www.prepostseo.com/tool/ascii-to-text
 https://toolprime.com/octal-to-hexadecimal,octal to hexadecimal,89,Potentially existing, https://www.prepostseo.com/tool/decimal-to-octal
 https://toolprime.com/hexadecimal-to-octal,hexadecimal to octal,89,Potentially existing, https://www.prepostseo.com/tool/decimal-to-octal
 https://toolprime.com/text-to-hexadecimal,text to hexadecimal,79,Content opportunity, https://www.prepostseo.com/tool/hex-to-decimal
 https://toolprime.com/hexadecimal-to-text,hexadecimal to text,79,Content opportunity, https://www.prepostseo.com/tool/hex-to-decimal
 https://toolprime.com/hexadecimal-to-ascii,hexadecimal to ascii,89,Potentially existing, https://www.prepostseo.com/tool/ascii-to-decimal
 https://toolprime.com/ascii-to-hexadecimal,ascii to hexadecimal,89,Potentially existing, https://www.prepostseo.com/tool/ascii-to-decimal
 https://toolprime.com/ip-to-hex,ip to hex,74,Content opportunity, https://www.prepostseo.com/tool/hex-to-rgb
 https://toolprime.com/url-opener,url opener,62,Content opportunity, https://www.prepostseo.com/url-encoder-decoder
 https://toolprime.com/random-ip,random ip,47,Content opportunity, https://www.prepostseo.com/tool/random-word-generator
 https://toolprime.com/image-to-base64,image to base64,58,Content opportunity, https://www.prepostseo.com/tool/ascii-to-decimal
 https://toolprime.com/base64-to-image,base64 to image,58,Content opportunity, https://www.prepostseo.com/tool/ascii-to-decimal
 https://toolprime.com/hex-to-hsl,hex to hsl,73,Content opportunity, https://www.prepostseo.com/tool/hex-to-octal
 https://toolprime.com/hex-to-hsv,hex to hsv,70,Content opportunity, https://www.prepostseo.com/tool/hex-to-rgb
 https://toolprime.com/extract-email,extract email,59,Content opportunity, https://www.prepostseo.com/tool/hex-to-decimal
 https://toolprime.com/word-frequency-counter,word frequency counter,71,Content opportunity, https://www.prepostseo.com/word-counter
 https://toolprime.com/decimal-to-roman,decimal to roman,81,Content opportunity, https://www.prepostseo.com/tool/decimal-to-octal
 https://toolprime.com/ai-hub,ai hub,44,Content opportunity, https://www.prepostseo.com/tool/ascii-to-hex
 https://toolprime.com/invoice-generator,invoice generator,67,Content opportunity, https://www.prepostseo.com/tool/fake-name-generator
 https://toolprime.com/bar-code-generator,bar code generator,77,Content opportunity, https://www.prepostseo.com/tool/credit-card-generator
 https://toolprime.com/open-graph-generator,open graph generator,68,Content opportunity, https://www.prepostseo.com/tool/random-word-generator
 https://toolprime.com/jpg-to-png,jpg to png,57,Content opportunity, https://www.prepostseo.com/jpg-to-word
 https://toolprime.com/png-to-jpg,png to jpg,57,Content opportunity, https://www.prepostseo.com/jpg-to-word
 https://toolprime.com/qr-code-generator,qr code generator,71,Content opportunity, https://www.prepostseo.com/favicon-generator
 https://toolprime.com/duplicate-line-remover,duplicate line remover,50,Content opportunity, https://www.prepostseo.com/tool/online-text-editor
 https://toolprime.com/empty-line-remover,empty line remover,54,Content opportunity, https://www.prepostseo.com/server-port-scanner
 https://toolprime.com/number-sorter,number sorter,54,Content opportunity, https://www.prepostseo.com/word-combiner
 https://toolprime.com/strip-tags,strip tags,44,Content opportunity, https://www.prepostseo.com/p/bootstrap-vs-material-lite
 https://toolprime.com/text-to-morse-code,text to morse code,78,Content opportunity, https://www.prepostseo.com/code-to-text-ratio
 https://toolprime.com/word-counter,word counter,100,Existing page, https://www.prepostseo.com/word-counter
 https://toolprime.com/word-sorter,word sorter,78,Content opportunity, https://www.prepostseo.com/word-counter
 https://toolprime.com/internet-speed-test,internet speed test,51,Content opportunity, https://www.prepostseo.com/small-text-generator
 https://toolprime.com/minify-php,minify php,63,Content opportunity, https://www.prepostseo.com/minify-js
 https://toolprime.com/pdf-to-text,pdf to text,100,Existing page, https://www.prepostseo.com/pdf-to-text
 https://toolprime.com/line-break-remover,line break remover,61,Content opportunity, https://www.prepostseo.com/backlinks-maker
 https://toolprime.com/url-redirect-checker,url redirect checker,71,Content opportunity, https://www.prepostseo.com/seo-friendly-urls-checker
 https://toolprime.com/code-to-text-ratio,code to text ratio,100,Existing page, https://www.prepostseo.com/code-to-text-ratio
 https://toolprime.com/delete-white-space-character,delete white space character,57,Content opportunity, https://www.prepostseo.com/reverse-whois-checker
 https://toolprime.com/remove-letter-accent,remove letter accent,47,Content opportunity, https://www.prepostseo.com/reverse-ns-checker
 https://toolprime.com/json-validator,json validator,57,Content opportunity, https://www.prepostseo.com/tool/credit-card-validator
 https://toolprime.com/json-to-csv,json to csv,48,Content opportunity, https://www.prepostseo.com/tool/case-converter
 https://toolprime.com/json-to-xml,json to xml,55,Content opportunity, https://www.prepostseo.com/minify-json
 https://toolprime.com/mailto-link-generator,mailto link generator,68,Content opportunity, https://www.prepostseo.com/small-text-generator
 https://toolprime.com/random-color,random color,55,Content opportunity, https://www.prepostseo.com/tool/random-word-generator
 https://toolprime.com/random-credit-card,random credit card,77,Content opportunity, https://www.prepostseo.com/tool/credit-card-generator
 https://toolprime.com/random-mac,random mac,52,Content opportunity, https://www.prepostseo.com/tool/random-word-generator
 https://toolprime.com/random-password,random password,56,Content opportunity, https://www.prepostseo.com/tool/random-word-generator
 https://toolprime.com/epoch-converter,epoch converter,79,Content opportunity, https://www.prepostseo.com/ico-converter
 https://toolprime.com/word-to-pdf,word to pdf,100,Existing page, https://www.prepostseo.com/pdf-to-word
 https://toolprime.com/add-line-number,add line number,53,Content opportunity, https://www.prepostseo.com/backlinks-maker
 https://toolprime.com/base64-encoder,base64 encoder,57,Content opportunity, https://www.prepostseo.com/tool/case-converter
 https://toolprime.com/base64-decoder,base64 decoder,57,Content opportunity, https://www.prepostseo.com/tool/case-converter
 https://toolprime.com/html-encode,html encode,71,Content opportunity, https://www.prepostseo.com/html-encoder-decoder
 https://toolprime.com/left-pad-text-lines,left pad text lines,65,Content opportunity, https://www.prepostseo.com/tool/online-text-editor
 https://toolprime.com/strike-through-text,strike through text,62,Content opportunity, https://www.prepostseo.com/tool/ascii-to-text
 https://toolprime.com/string-repeater,string repeater,53,Content opportunity, https://www.prepostseo.com/json-beautifier
 https://toolprime.com/text-to-speech,text to speech,74,Content opportunity, https://www.prepostseo.com/tool/ascii-to-text
 https://toolprime.com/image-compression,image compression,75,Content opportunity, https://www.prepostseo.com/page-comparison
 https://toolprime.com/image-resizer,image resizer,61,Content opportunity, https://www.prepostseo.com/reverse-image-search
 https://toolprime.com/convert-to-jpg,convert to jpg,67,Content opportunity, https://www.prepostseo.com/ico-converter
 https://toolprime.com/html-to-pdf,html to pdf,55,Content opportunity, https://www.prepostseo.com/pdf-to-text
 https://toolprime.com/text-to-pdf,text to pdf,100,Existing page, https://www.prepostseo.com/pdf-to-text
 https://toolprime.com/extract-pdf-images,extract pdf images,56,Content opportunity, https://www.prepostseo.com/link-extractor
 https://toolprime.com/compress-pdf,compress pdf,59,Content opportunity, https://www.prepostseo.com/page-comparison
 https://toolprime.com/cryptography-hash-generator,cryptography hash generator,58,Content opportunity, https://www.prepostseo.com/citation-generator
 https://toolprime.com/split-pdf,split pdf,50,Content opportunity, https://www.prepostseo.com/pdf-to-text
 https://toolprime.com/merge-pdf,merge pdf,48,Content opportunity, https://www.prepostseo.com/diff-checker
 https://toolprime.com/rotate-pdf,rotate pdf,57,Content opportunity, https://www.prepostseo.com/pdf-to-text
 https://toolprime.com/http-status-code,http status code,54,Content opportunity, https://www.prepostseo.com/server-status-checker
 https://toolprime.com/ssl-checker,ssl checker,83,Content opportunity, https://www.prepostseo.com/spell-checker
 https://toolprime.com/rgb-to-hex,rgb to hex,100,Existing page, https://www.prepostseo.com/tool/hex-to-rgb
 https://toolprime.com/password-generator,password generator,100,Existing page, https://www.prepostseo.com/tool/password-generator
 https://toolprime.com/my-screen-resolution,my screen resolution,47,Content opportunity,https://rescribe.in/
 https://toolprime.com/what-is-my-ip,what is my ip,100,Existing page, https://www.prepostseo.com/what-is-my-ip
 https://toolprime.com/my-ip-address,my ip address,51,Content opportunity, https://www.prepostseo.com/tool/fake-address-generator
 https://toolprime.com/ip-location,ip location,54,Content opportunity, https://www.prepostseo.com/tool/binary-to-octal
 https://toolprime.com/reverse-ip-lookup,reverse ip lookup,55,Content opportunity, https://www.prepostseo.com/domain-ip-lookup
 https://toolprime.com/get-http-headers,get http headers,58,Content opportunity, https://www.prepostseo.com/tool/reverse-text-generator
 https://toolprime.com/password-strength-checker,password strength checker,61,Content opportunity, https://www.prepostseo.com/server-status-checker
 https://toolprime.com/what-is-my-browser,what is my browser,71,Content opportunity, https://www.prepostseo.com/what-is-my-ip
 https://toolprime.com/age-calculator,age calculator,100,Existing page, https://www.prepostseo.com/calc/age-calculator
 https://toolprime.com/week-number,week number,50,Content opportunity, https://www.prepostseo.com/word-combiner
 https://toolprime.com/day-number,day number,48,Content opportunity, https://www.prepostseo.com/essay-generator
 https://toolprime.com/percentage-calculator,percentage calculator,100,Existing page, https://www.prepostseo.com/calc/percentage-calculator
 https://toolprime.com/work-experience-calculator,work experience calculator,72,Content opportunity, https://www.prepostseo.com/calc/percentage-calculator
 https://toolprime.com/age-difference-calculator,age difference calculator,72,Content opportunity, https://www.prepostseo.com/calc/age-calculator
 https://toolprime.com/charles-law-calculator,charles law calculator,81,Content opportunity, https://www.prepostseo.com/calc/sales-tax-calculator
 https://toolprime.com/unix-timestamp-to-hex,unix timestamp to hex,62,Content opportunity, https://www.prepostseo.com/tool/hex-to-text
 https://toolprime.com/hsl-to-rgb,hsl to rgb,80,Content opportunity, https://www.prepostseo.com/tool/hex-to-rgb
 https://toolprime.com/random-list,random list,50,Content opportunity, https://www.prepostseo.com/tool/random-word-generator
 https://toolprime.com/random-picker,random picker,57,Content opportunity, https://www.prepostseo.com/grammar-checker
 https://toolprime.com/random-letters,random letters,57,Content opportunity, https://www.prepostseo.com/tool/random-word-generator
 https://toolprime.com/fake-name-generator,fake name generator,100,Existing page, https://www.prepostseo.com/tool/fake-name-generator
 https://toolprime.com/fantasy-name-generator,fantasy name generator,83,Content opportunity, https://www.prepostseo.com/tool/fake-name-generator
 https://toolprime.com/bin-code-generator,bin code generator,74,Content opportunity, https://www.prepostseo.com/favicon-generator
 https://toolprime.com/paraphrasing-tool,paraphrasing tool,100,Existing page, https://www.prepostseo.com/paraphrasing-tool
 https://toolprime.com/article-rewriter,article rewriter,100,Existing page, https://www.prepostseo.com/article-rewriter
 https://toolprime.com/RU/%D0%B8%D0%BD%D1%81%D1%82%D1%80%D1%83%D0%BC%D0%B5%D0%BD%D1%82-%D0%B4%D0%BB%D1%8F-%D0%BF%D0%B5%D1%80%D0%B5%D0%BF%D0%B8%D1%81%D1%8B%D0%B2%D0%B0%D0%BD%D0%B8%D1%8F-%D1%81%D1%82%D0%B0%D1%82%D0%B5%D0%B9,D0B8D0BDD181D182D180D183D0BCD0B5D0BDD182 D0B4D0BBD18F D0BFD0B5D180D0B5D0BFD0B8D181D18BD0B2D0B0D0BDD0B8D18F D181D182D0B0D182D0B5D0B9,9,Content opportunity, https://www.prepostseo.com/p/how-to-become-no-1-brand-in-2018
 https://toolprime.com/ES/herramienta-de-reescritura-de-art%C3%ADculos,herramienta de reescritura de artC3ADculos,45,Content opportunity, https://www.prepostseo.com/article-rewriter
 https://toolprime.com/JA/%E8%A8%98%E4%BA%8B%E3%83%AA%E3%83%A9%E3%82%A4%E3%82%BF%E3%83%BC%E3%83%84%E3%83%BC%E3%83%AB,E8A898E4BA8BE383AAE383A9E382A4E382BFE383BCE38384E383BCE383AB,19,Content opportunity,https://rescribe.in/service-level-agreement.php
 https://toolprime.com/IT/strumento-per-la-riscrittura-degli-articoli,strumento per la riscrittura degli articoli,45,Content opportunity,https://rescribe.in/License-Agreement/Rescribe-DocuPHI-Software-license-Agreement.pdf
 https://toolprime.com/FR/outil-de-r%C3%A9%C3%A9criture-d%27articles,outil de rC3A9C3A9criture d27articles,49,Content opportunity, https://www.prepostseo.com/article-rewriter
 https://toolprime.com/PT/ferramenta-de-reescrita-de-artigos,ferramenta de reescrita de artigos,45,Content opportunity,https://rescribe.in/License-Agreement/Rescribe-HIS-Software-license-Agreement.pdf
 https://toolprime.com/DE/artikel-rewriter-tool,artikel rewriter tool,76,Content opportunity, https://www.prepostseo.com/article-rewriter
 https://toolprime.com/ZH/%E6%96%87%E7%AB%A0%E6%94%B9%E5%86%99%E5%B7%A5%E5%85%B7,E69687E7ABA0E694B9E58699E5B7A5E585B7,24,Content opportunity, https://www.prepostseo.com/tool/reverse-text-generator
 https://toolprime.com/AR/%D8%A3%D8%AF%D8%A7%D8%A9-%D8%A5%D8%B9%D8%A7%D8%AF%D8%A9-%D9%83%D8%AA%D8%A7%D8%A8%D8%A9-%D8%A7%D9%84%D9%85%D9%82%D8%A7%D9%84%D8%A7%D8%AA,D8A3D8AFD8A7D8A9 D8A5D8B9D8A7D8AFD8A9 D983D8AAD8A7D8A8D8A9 D8A7D984D985D982D8A7D984D8A7D8AA,12,Content opportunity, https://www.prepostseo.com/tool/id/angka-romawi-tanggal-lahir
 https://toolprime.com/ID/alat-penulisan-ulang-artikel,alat penulisan ulang artikel,46,Content opportunity, https://www.prepostseo.com/calc/earnings-per-share-calculator
 https://toolprime.com/TR/makale-yeniden-yazma-arac%C4%B1,makale yeniden yazma aracC4B1,40,Content opportunity, https://www.prepostseo.com/article-rewriter
 https://toolprime.com/KO/%EB%AC%B8%EC%84%9C-%EC%9E%AC%EC%9E%91%EC%84%B1-%EB%8F%84%EA%B5%AC,EBACB8EC849C EC9EACEC9E91EC84B1 EB8F84EAB5AC,27,Content opportunity, https://www.prepostseo.com/p/how-much-social-bookmarking-effects-seo
 https://toolprime.com/FI/artikkeli-uudelleenkirjoittaja-tool,artikkeli uudelleenkirjoittaja tool,39,Content opportunity, https://www.prepostseo.com/article-rewriter
 https://toolprime.com/VI/c%C3%B4ng-c%E1%BB%A5-ghi-l%E1%BA%A1i-b%C3%A0i-vi%E1%BA%BFt,cC3B4ng cE1BBA5 ghi lE1BAA1i bC3A0i viE1BABFt,33,Content opportunity, https://www.prepostseo.com/tool/credit-card-validator
 https://toolprime.com/NL/artikel-herschrijven,artikel herschrijven,53,Content opportunity,https://rescribe.in/
 https://toolprime.com/PL/narz%C4%99dzie-do-przepisywania-artyku%C5%82%C3%B3w,narzC499dzie do przepisywania artykuC582C3B3w,38,Content opportunity, https://www.prepostseo.com/domain-authority-premium
 https://toolprime.com/NO/verkt%C3%B8y-for-omskriving-av-artikler,verktC3B8y for omskriving av artikler,48,Content opportunity, https://www.prepostseo.com/p/article-re-writer-is-now-available
 https://toolprime.com/CS/n%C3%A1stroj-pro-p%C5%99episov%C3%A1n%C3%AD-%C4%8Dl%C3%A1nk%C5%AF,nC3A1stroj pro pC599episovC3A1nC3AD C48DlC3A1nkC5AF,32,Content opportunity, https://www.prepostseo.com/calc/earnings-per-share-calculator
 https://toolprime.com/SV/verktyg-f%C3%B6r-omskrivning-av-artiklar,verktyg fC3B6r omskrivning av artiklar,42,Content opportunity, https://www.prepostseo.com/p/article-re-writer-is-now-available
 https://toolprime.com/RO/articolul-rewriter-tool,articolul rewriter tool,77,Content opportunity, https://www.prepostseo.com/article-rewriter
 https://toolprime.com/DA/v%C3%A6rkt%C3%B8j-til-omskrivning-af-artikler,vC3A6rktC3B8j til omskrivning af artikler,39,Content opportunity, https://www.prepostseo.com/reverse-ip-domain-checker
 https://toolprime.com/article-spinner,article spinner,71,Content opportunity, https://www.prepostseo.com/article-rewriter
 https://toolprime.com/RU/%D0%B1%D0%B5%D1%81%D0%BF%D0%BB%D0%B0%D1%82%D0%BD%D1%8B%D0%B9-%D1%81%D1%87%D0%B5%D1%82%D1%87%D0%B8%D0%BA-%D1%81%D1%82%D0%B0%D1%82%D0%B5%D0%B9,D0B1D0B5D181D0BFD0BBD0B0D182D0BDD18BD0B9 D181D187D0B5D182D187D0B8D0BA D181D182D0B0D182D0B5D0B9,11,Content opportunity, https://www.prepostseo.com/p/15-best-writing-and-editing-services-of-2019
 https://toolprime.com/ES/spinner-de-art%C3%ADculos-gratuitos,spinner de artC3ADculos gratuitos,49,Content opportunity, https://www.prepostseo.com/article-rewriter
 https://toolprime.com/JA/%E7%84%A1%E6%96%99%E8%A8%98%E4%BA%8B%E3%82%B9%E3%83%94%E3%83%8A%E3%83%BC,E784A1E69699E8A898E4BA8BE382B9E38394E3838AE383BC,20,Content opportunity, https://www.prepostseo.com/p/10-ways-to-engage-website-users
 https://toolprime.com/IT/spinner-di-articoli-gratuiti,spinner di articoli gratuiti,55,Content opportunity, https://www.prepostseo.com/article-rewriter
 https://toolprime.com/FR/article-gratuit-spinner,article gratuit spinner,67,Content opportunity, https://www.prepostseo.com/article-rewriter
 https://toolprime.com/PT/spinner-de-artigos-gr%C3%A1tis,spinner de artigos grC3A1tis,45,Content opportunity, https://www.prepostseo.com/article-rewriter
 https://toolprime.com/DE/kostenloser-artikelspinner,kostenloser artikelspinner,49,Content opportunity, https://www.prepostseo.com/server-port-scanner
 https://toolprime.com/ZH/%E5%85%8D%E8%B4%B9%E6%96%87%E7%AB%A0%E6%97%8B%E8%BD%AC%E5%99%A8,E5858DE8B4B9E69687E7ABA0E6978BE8BDACE599A8,24,Content opportunity,https://rescribe.in/service-level-agreement.php
 https://toolprime.com/AR/%D8%A7%D9%84%D9%85%D8%A7%D8%AF%D8%A9-%D8%A7%D9%84%D8%AF%D9%88%D8%A7%D8%B1-%D8%A7%D9%84%D8%AD%D8%B1%D8%A9,D8A7D984D985D8A7D8AFD8A9 D8A7D984D8AFD988D8A7D8B1 D8A7D984D8ADD8B1D8A9,15,Content opportunity, https://www.prepostseo.com/tool/id/angka-romawi-tanggal-lahir
 https://toolprime.com/ID/pemintal-artikel-gratis,pemintal artikel gratis,48,Content opportunity, https://www.prepostseo.com/tool/fake-name-generator
 https://toolprime.com/TR/%C3%BCcretsiz-makale-d%C3%B6nd%C3%BCr%C3%BCc%C3%BC,C3BCcretsiz makale dC3B6ndC3BCrC3BCcC3BC,30,Content opportunity, https://www.prepostseo.com/tool/credit-card-generator
 https://toolprime.com/KO/%EB%AC%B4%EB%A3%8C-%EA%B8%B0%EC%82%AC-%EC%8A%A4%ED%94%BC%EB%84%88,EBACB4EBA38C EAB8B0EC82AC EC8AA4ED94BCEB8488,26,Content opportunity,https://rescribe.in/service-level-agreement.php
 https://toolprime.com/FI/ilmainen-artikkelin-kehr%C3%A4ys,ilmainen artikkelin kehrC3A4ys,49,Content opportunity, https://www.prepostseo.com/backlinks-maker
 https://toolprime.com/VI/spinner-b%C3%A0i-vi%E1%BA%BFt-mi%E1%BB%85n-ph%C3%AD,spinner bC3A0i viE1BABFt miE1BB85n phC3AD,39,Content opportunity, https://www.prepostseo.com/p/what-are-seo-friendly-urls
 https://toolprime.com/NL/gratis-artikelspinner,gratis artikelspinner,47,Content opportunity, https://www.prepostseo.com/js-beautifier
 https://toolprime.com/PL/darmowy-artyku%C5%82-spinner,darmowy artykuC582 spinner,48,Content opportunity, https://www.prepostseo.com/article-rewriter
 https://toolprime.com/NO/gratis-artikkelspinner,gratis artikkelspinner,46,Content opportunity, https://www.prepostseo.com/js-beautifier
 https://toolprime.com/CS/free-article-spinner,free article spinner,72,Content opportunity, https://www.prepostseo.com/article-rewriter
 https://toolprime.com/SV/gratis-artikelspinnare,gratis artikelspinnare,47,Content opportunity, https://www.prepostseo.com/article-rewriter
 https://toolprime.com/RO/articol-gratuit-spinner,articol gratuit spinner,62,Content opportunity, https://www.prepostseo.com/article-rewriter
 https://toolprime.com/DA/gratis-artikel-spinner,gratis artikel spinner,54,Content opportunity, https://www.prepostseo.com/tool/fake-name-generator
 https://toolprime.com/anagram-solver,anagram solver,48,Content opportunity, https://www.prepostseo.com/server-port-scanner
 https://toolprime.com/length-converter,length converter,69,Content opportunity, https://www.prepostseo.com/ico-converter
 https://toolprime.com/area-converter,area converter,86,Potentially existing, https://www.prepostseo.com/tool/case-converter
 https://toolprime.com/logo-maker,logo maker,56,Content opportunity, https://www.prepostseo.com/backlinks-maker
 https://toolprime.com/regex-tester,regex tester,70,Content opportunity, https://www.prepostseo.com/register
 https://toolprime.com/diff-checker,diff checker,100,Existing page, https://www.prepostseo.com/diff-checker
 https://toolprime.com/time-to-read-calculator,time to read calculator,68,Content opportunity, https://www.prepostseo.com/calc/percentage-calculator
 https://toolprime.com/speed-converter,speed converter,71,Content opportunity, https://www.prepostseo.com/ico-converter
 https://toolprime.com/css-gradient-generator,css gradient generator,65,Content opportunity, https://www.prepostseo.com/essay-generator
 https://toolprime.com/gradient-background-generator,gradient background generator,62,Content opportunity, https://www.prepostseo.com/tool/fake-name-generator
 https://toolprime.com/ip-address-to-hexadecimal,ip address to hexadecimal,63,Content opportunity, https://www.prepostseo.com/tool/ascii-to-decimal
 https://toolprime.com/find-and-replace-text,find and replace text,50,Content opportunity, https://www.prepostseo.com/text-to-handwriting
 https://toolprime.com/remove-punctuation,remove punctuation,56,Content opportunity, https://www.prepostseo.com/citation-generator
 https://toolprime.com/density-unit-converter,density unit converter,63,Content opportunity, https://www.prepostseo.com/tool/roman-numerals-date-converter
 https://toolprime.com/thermal-conductivity-converter,thermal conductivity converter,60,Content opportunity, https://www.prepostseo.com/tool/decimal-to-binary-converter
 https://toolprime.com/heat-density-converter,heat density converter,63,Content opportunity, https://www.prepostseo.com/ico-converter
 https://toolprime.com/thermal-resistance-converter,thermal resistance converter,59,Content opportunity, https://www.prepostseo.com/ico-converter
 https://toolprime.com/moment-of-inertia-unit-converter,moment of inertia unit converter,65,Content opportunity, https://www.prepostseo.com/tool/roman-numeral-converter
 https://toolprime.com/moment-of-force-converter,moment of force converter,62,Content opportunity, https://www.prepostseo.com/tool/roman-numeral-converter
 https://toolprime.com/angular-acceleration-converter,angular acceleration converter,55,Content opportunity, https://www.prepostseo.com/tool/case-converter
 https://toolprime.com/angular-velocity-converter,angular velocity converter,68,Content opportunity, https://www.prepostseo.com/tool/decimal-to-binary-converter
 https://toolprime.com/heat-flux-density-converter,heat flux density converter,56,Content opportunity, https://www.prepostseo.com/keyword-density-checker
 https://toolprime.com/json-beautifier,json beautifier,100,Existing page, https://www.prepostseo.com/json-beautifier
 https://toolprime.com/numbers-to-words-converter,numbers to words converter,69,Content opportunity, https://www.prepostseo.com/tool/roman-numeral-converter
 https://toolprime.com/specific-volume-converter,specific volume converter,68,Content opportunity, https://www.prepostseo.com/ico-converter
 https://toolprime.com/heat-transfer-coefficient-converter,heat transfer coefficient converter,58,Content opportunity, https://www.prepostseo.com/tool/text-to-binary-converter
 https://toolprime.com/area-of-square-calculator,area of square calculator,67,Content opportunity, https://www.prepostseo.com/calc/age-calculator
 https://toolprime.com/random-emoji-generator,random emoji generator,74,Content opportunity, https://www.prepostseo.com/tool/random-word-generator
 https://toolprime.com/noise-temperature-to-noise-figure-converter,noise temperature to noise figure converter,53,Content opportunity, https://www.prepostseo.com/tool/roman-numerals-date-converter
 https://toolprime.com/image-to-json-data,image to json data,58,Content opportunity, https://www.prepostseo.com/tool/text-to-image
 https://toolprime.com/sha-1-hash-generator,sha 1 hash generator,68,Content opportunity, https://www.prepostseo.com/tool/password-generator
 https://toolprime.com/random-team-generator,random team generator,81,Content opportunity, https://www.prepostseo.com/tool/random-word-generator
 https://toolprime.com/rf-exposure-calculator,rf exposure calculator,72,Content opportunity, https://www.prepostseo.com/calc/hex-calculator
 https://toolprime.com/latex-compiler,latex compiler,69,Content opportunity, https://www.prepostseo.com/text-compare
 https://toolprime.com/webp-to-png,webp to png,64,Content opportunity, https://www.prepostseo.com/jpg-to-word
 https://toolprime.com/avif-to-png,avif to png,53,Content opportunity, https://www.prepostseo.com/p/how-to-avoid-plagiarism
 https://toolprime.com/jpeg-to-png,jpeg to png,55,Content opportunity, https://www.prepostseo.com/jpg-to-word
 https://toolprime.com/gif-to-png,gif to png,48,Content opportunity, https://www.prepostseo.com/pdf-to-text
 https://toolprime.com/tiff-to-png,tiff to png,55,Content opportunity, https://www.prepostseo.com/jpg-to-word
 https://toolprime.com/bmp-to-png,bmp to png,52,Content opportunity, https://www.prepostseo.com/paraphrasing-tool
 https://toolprime.com/uuid-generator,uuid generator,69,Content opportunity, https://www.prepostseo.com/tool/password-generator
 https://toolprime.com/md2-hash-generator,md2 hash generator,72,Content opportunity, https://www.prepostseo.com/tool/password-generator
 https://toolprime.com/md4-hash-generator,md4 hash generator,72,Content opportunity, https://www.prepostseo.com/tool/password-generator
 https://toolprime.com/sha-256-hash-generator,sha 256 hash generator,65,Content opportunity, https://www.prepostseo.com/tool/password-generator
 https://toolprime.com/sha-512-hash-generator,sha 512 hash generator,65,Content opportunity, https://www.prepostseo.com/tool/password-generator
 https://toolprime.com/area-of-triangle,area of triangle,48,Content opportunity, https://www.prepostseo.com/tool/binary-translator
 https://toolprime.com/diagonal-of-square,diagonal of square,43,Content opportunity,https://rescribe.in/practice-management-software/
 https://toolprime.com/sha3-224-hash-generator,sha3 224 hash generator,63,Content opportunity, https://www.prepostseo.com/tool/password-generator
 https://toolprime.com/sha3-256-hash-generator,sha3 256 hash generator,63,Content opportunity, https://www.prepostseo.com/tool/password-generator
 https://toolprime.com/sha3-384-hash-generator,sha3 384 hash generator,63,Content opportunity, https://www.prepostseo.com/tool/password-generator
 https://toolprime.com/geometric-mean-calculator,geometric mean calculator,68,Content opportunity, https://www.prepostseo.com/calc/octal-calculator
 https://toolprime.com/sha3-512-hash-generator,sha3 512 hash generator,63,Content opportunity, https://www.prepostseo.com/tool/password-generator
 https://toolprime.com/crc16-hash-generator,crc16 hash generator,63,Content opportunity, https://www.prepostseo.com/tool/password-generator
 https://toolprime.com/crc32-hash-generator,crc32 hash generator,63,Content opportunity, https://www.prepostseo.com/tool/password-generator
 https://toolprime.com/shake-128-hash-generator,shake 128 hash generator,62,Content opportunity, https://www.prepostseo.com/tool/password-generator
 https://toolprime.com/shake-256-hash-generator,shake 256 hash generator,62,Content opportunity, https://www.prepostseo.com/tool/password-generator
 https://toolprime.com/antenna-gain-calculator,antenna gain calculator,70,Content opportunity, https://www.prepostseo.com/calc/margin-calculator
 https://toolprime.com/midpoint-calculator,midpoint calculator,79,Content opportunity, https://www.prepostseo.com/calc/discount-calculator
 https://toolprime.com/perimeter-of-a-triangle,perimeter of a triangle,50,Content opportunity, https://www.prepostseo.com/p/4-types-of-plagiarism
 https://toolprime.com/hex-to-rgb,hex to rgb,100,Existing page, https://www.prepostseo.com/tool/hex-to-rgb
 https://toolprime.com/strip-html,strip html,57,Content opportunity, https://www.prepostseo.com/minify-html
 https://toolprime.com/duplicate-email-remover,duplicate email remover,48,Content opportunity, https://www.prepostseo.com/server-port-scanner
 https://toolprime.com/random-pokemon-generator,random pokemon generator,71,Content opportunity, https://www.prepostseo.com/tool/random-word-generator
 https://toolprime.com/perimeter-of-square-calculator,perimeter of square calculator,68,Content opportunity, https://www.prepostseo.com/calc/earnings-per-share-calculator
 https://toolprime.com/sphere-calculator,sphere calculator,84,Content opportunity, https://www.prepostseo.com/calc/hex-calculator
 https://toolprime.com/square-calculator,square calculator,77,Content opportunity, https://www.prepostseo.com/calc/hex-calculator
 https://toolprime.com/square-root-calculator,square root calculator,74,Content opportunity, https://www.prepostseo.com/calc/octal-calculator
 https://toolprime.com/surface-area-of-cube,surface area of cube,43,Content opportunity, https://www.prepostseo.com/p/what-are-seo-friendly-urls
 https://toolprime.com/cmyk-to-pantone,cmyk to pantone,55,Content opportunity, https://www.prepostseo.com/code-to-text-ratio
 https://toolprime.com/RU/%D0%BA%D0%BE%D0%BD%D0%B2%D0%B5%D1%80%D1%82%D0%B5%D1%80-cmyk-%D0%B2-pantone,D0BAD0BED0BDD0B2D0B5D180D182D0B5D180 cmyk D0B2 pantone,26,Content opportunity, https://www.prepostseo.com/dns-propagation-checker
 https://toolprime.com/ES/convertidor-de-cmyk-a-pantone,convertidor de cmyk a pantone,61,Content opportunity, https://www.prepostseo.com/tool/decimal-to-binary-converter
 https://toolprime.com/JA/cmyk%E3%81%8B%E3%82%89pantone%E3%81%B8%E3%81%AE%E3%82%B3%E3%83%B3%E3%83%90%E3%83%BC%E3%82%BF%E3%83%BC,cmykE3818BE38289pantoneE381B8E381AEE382B3E383B3E38390E383BCE382BFE383BC,19,Content opportunity, https://www.prepostseo.com/tool/reverse-text-generator
 https://toolprime.com/IT/convertitore-da-cmyk-a-pantone,convertitore da cmyk a pantone,47,Content opportunity, https://www.prepostseo.com/tool/roman-numerals-date-converter
 https://toolprime.com/FR/convertisseur-cmjn-en-pantone,convertisseur cmjn en pantone,60,Content opportunity, https://www.prepostseo.com/tool/text-to-binary-converter
 https://toolprime.com/PT/conversor-de-cmyk-para-pantone,conversor de cmyk para pantone,53,Content opportunity, https://www.prepostseo.com/tool/decimal-to-binary-converter
 https://toolprime.com/DE/cmyk-zu-pantone-konverter,cmyk zu pantone konverter,58,Content opportunity, https://www.prepostseo.com/ico-converter
 https://toolprime.com/ZH/cmyk-%E5%88%B0-pantone-%E8%BD%AC%E6%8D%A2%E5%99%A8,cmyk E588B0 pantone E8BDACE68DA2E599A8,35,Content opportunity, https://www.prepostseo.com/p/content-marketing-plan-for-ecommerce-sites
 https://toolprime.com/AR/%D9%83%D9%85%D9%8A%D9%83-%D9%84%D8%AA%D8%AD%D9%88%D9%8A%D9%84-%D8%A8%D8%A7%D9%86%D8%AA%D9%88%D9%86,D983D985D98AD983 D984D8AAD8ADD988D98AD984 D8A8D8A7D986D8AAD988D986,17,Content opportunity, https://www.prepostseo.com/paraphrasing-api-documentation
 https://toolprime.com/ID/konverter-cmyk-ke-pantone,konverter cmyk ke pantone,58,Content opportunity, https://www.prepostseo.com/ico-converter
 https://toolprime.com/TR/cmyk%27den-pantone%27ye-d%C3%B6n%C3%BC%C5%9Ft%C3%BCr%C3%BCc%C3%BC,cmyk27den pantone27ye dC3B6nC3BCC59FtC3BCrC3BCcC3BC,32,Content opportunity, https://www.prepostseo.com/dns-propagation-checker
 https://toolprime.com/KO/cmyk%EC%97%90%EC%84%9C-pantone%EC%9C%BC%EB%A1%9C-%EB%B3%80%ED%99%98%EA%B8%B0,cmykEC9790EC849C pantoneEC9CBCEBA19C EBB380ED9998EAB8B0,28,Content opportunity, https://www.prepostseo.com/dns-propagation-checker
 https://toolprime.com/FI/cmyk-to-pantone-converter,cmyk to pantone converter,69,Content opportunity, https://www.prepostseo.com/tool/text-to-binary-converter
 https://toolprime.com/VI/c%C3%B4ng-c%E1%BB%A5-chuy%E1%BB%83n-%C4%91%E1%BB%95i-cmyk-sang-pantone,cC3B4ng cE1BBA5 chuyE1BB83n C491E1BB95i cmyk sang pantone,31,Content opportunity, https://www.prepostseo.com/similar-page-checker
 https://toolprime.com/NL/cmyk-naar-pantone-converter,cmyk naar pantone converter,60,Content opportunity, https://www.prepostseo.com/tool/roman-numeral-converter
 https://toolprime.com/PL/konwerter-cmyk-na-pantone,konwerter cmyk na pantone,58,Content opportunity, https://www.prepostseo.com/tool/roman-numeral-converter
 https://toolprime.com/NO/cmyk-til-pantone-converter,cmyk til pantone converter,57,Content opportunity, https://www.prepostseo.com/tool/decimal-to-binary-converter
 https://toolprime.com/CS/p%C5%99evad%C4%9B%C4%8D-cmyk-na-pantone,pC599evadC49BC48D cmyk na pantone,36,Content opportunity, https://www.prepostseo.com/dns-propagation-checker
 https://toolprime.com/SV/cmyk-till-pantone-converter,cmyk till pantone converter,56,Content opportunity, https://www.prepostseo.com/tool/decimal-to-binary-converter
 https://toolprime.com/RO/convertor-cmyk-%C3%AEn-pantone,convertor cmyk C3AEn pantone,57,Content opportunity, https://www.prepostseo.com/tool/case-converter
 https://toolprime.com/DA/cmyk-til-pantone-konverter,cmyk til pantone konverter,56,Content opportunity, https://www.prepostseo.com/ico-converter
 https://toolprime.com/hex-to-pantone,hex to pantone,72,Content opportunity, https://www.prepostseo.com/tool/hex-to-text
 https://toolprime.com/pantone-to-cmyk-converter,pantone to cmyk converter,69,Content opportunity, https://www.prepostseo.com/tool/text-to-binary-converter
 https://toolprime.com/surface-area-of-sphere,surface area of sphere,50,Content opportunity, https://www.prepostseo.com/p/what-are-seo-friendly-urls
 https://toolprime.com/triangle-calculator,triangle calculator,80,Content opportunity, https://www.prepostseo.com/calc/octal-calculator
 https://toolprime.com/pantone-to-hex-converter,pantone to hex converter,67,Content opportunity, https://www.prepostseo.com/tool/text-to-binary-converter
 https://toolprime.com/pantone-to-rgb-converter,pantone to rgb converter,62,Content opportunity, https://www.prepostseo.com/tool/text-to-binary-converter
 https://toolprime.com/hex-to-hsv-converter,hex to hsv converter,68,Content opportunity, https://www.prepostseo.com/tool/text-to-binary-converter
 https://toolprime.com/hex-to-cmyk-converter,hex to cmyk converter,76,Content opportunity, https://www.prepostseo.com/tool/text-to-binary-converter
 https://toolprime.com/rgb-to-cmyk-converter,rgb to cmyk converter,67,Content opportunity, https://www.prepostseo.com/tool/text-to-binary-converter
 https://toolprime.com/hsv-to-rgb-converter,hsv to rgb converter,67,Content opportunity, https://www.prepostseo.com/ico-converter
 https://toolprime.com/rgb-to-hsv-converter,rgb to hsv converter,67,Content opportunity, https://www.prepostseo.com/ico-converter
 https://toolprime.com/cmyk-to-hsv-converter,cmyk to hsv converter,67,Content opportunity, https://www.prepostseo.com/tool/text-to-binary-converter
 https://toolprime.com/cmyk-to-hex-converter,cmyk to hex converter,76,Content opportunity, https://www.prepostseo.com/tool/text-to-binary-converter
 https://toolprime.com/hsv-to-hex-converter,hsv to hex converter,68,Content opportunity, https://www.prepostseo.com/tool/text-to-binary-converter
 https://toolprime.com/hsv-to-cmyk-converter,hsv to cmyk converter,67,Content opportunity, https://www.prepostseo.com/tool/text-to-binary-converter
 https://toolprime.com/pantone-to-hsv-converter,pantone to hsv converter,62,Content opportunity, https://www.prepostseo.com/tool/text-to-binary-converter
 https://toolprime.com/credit-card-validator,credit card validator,100,Existing page, https://www.prepostseo.com/tool/credit-card-validator
 https://toolprime.com/ES/validador-de-tarjetas-de-cr%C3%A9dito,validador de tarjetas de crC3A9dito,50,Content opportunity, https://www.prepostseo.com/tool/credit-card-validator
 https://toolprime.com/JA/%E3%82%AF%E3%83%AC%E3%82%B8%E3%83%83%E3%83%88%E3%82%AB%E3%83%BC%E3%83%89%E3%83%90%E3%83%AA%E3%83%87%E3%83%BC%E3%82%BF%E3%83%BC,E382AFE383ACE382B8E38383E38388E382ABE383BCE38389E38390E383AAE38387E383BCE382BFE383BC,15,Content opportunity, https://www.prepostseo.com/p/how-much-total-number-of-pages-effect-your-site-seo
 https://toolprime.com/IT/validatore-di-carte-di-credito,validatore di carte di credito,78,Content opportunity, https://www.prepostseo.com/tool/credit-card-validator
 https://toolprime.com/FR/validateur-de-carte-de-cr%C3%A9dit,validateur de carte de crC3A9dit,68,Content opportunity, https://www.prepostseo.com/tool/credit-card-validator
 https://toolprime.com/PT/validador-de-cart%C3%A3o-de-cr%C3%A9dito,validador de cartC3A3o de crC3A9dito,63,Content opportunity, https://www.prepostseo.com/tool/credit-card-validator
 https://toolprime.com/RU/%D0%B2%D0%B0%D0%BB%D0%B8%D0%B4%D0%B0%D1%82%D0%BE%D1%80-%D0%BA%D1%80%D0%B5%D0%B4%D0%B8%D1%82%D0%BD%D1%8B%D1%85-%D0%BA%D0%B0%D1%80%D1%82,D0B2D0B0D0BBD0B8D0B4D0B0D182D0BED180 D0BAD180D0B5D0B4D0B8D182D0BDD18BD185 D0BAD0B0D180D182,13,Content opportunity, https://www.prepostseo.com/multiple-ipaddress-location-finder
 https://toolprime.com/DE/kreditkartenpr%C3%BCfer,kreditkartenprC3BCfer,43,Content opportunity, https://www.prepostseo.com/tool/credit-card-generator
 https://toolprime.com/ZH/%E4%BF%A1%E7%94%A8%E5%8D%A1%E9%AA%8C%E8%AF%81%E5%99%A8,E4BFA1E794A8E58DA1E9AA8CE8AF81E599A8,22,Content opportunity, https://www.prepostseo.com/tool/roman-numerals-date-converter
 https://toolprime.com/AR/%D9%85%D8%AF%D9%82%D9%82-%D8%A8%D8%B7%D8%A7%D9%82%D8%A9-%D8%A7%D9%84%D8%A7%D8%A6%D8%AA%D9%85%D8%A7%D9%86,D985D8AFD982D982 D8A8D8B7D8A7D982D8A9 D8A7D984D8A7D8A6D8AAD985D8A7D986,15,Content opportunity, https://www.prepostseo.com/p/15-best-writing-and-editing-services-of-2019
 https://toolprime.com/ID/validator-kartu-kredit,validator kartu kredit,84,Content opportunity, https://www.prepostseo.com/tool/credit-card-validator
 https://toolprime.com/TR/kredi-kart%C4%B1-do%C4%9Frulay%C4%B1c%C4%B1,kredi kartC4B1 doC49FrulayC4B1cC4B1,32,Content opportunity, https://www.prepostseo.com/calc/pre-and-post-money-valuation-calculator
 https://toolprime.com/KO/%EC%8B%A0%EC%9A%A9%EC%B9%B4%EB%93%9C-%EA%B2%80%EC%82%AC%EA%B8%B0,EC8BA0EC9AA9ECB9B4EB939C EAB280EC82ACEAB8B0,24,Content opportunity, https://www.prepostseo.com/website-seo-score-checker
 https://toolprime.com/FI/luottokortin-vahvistaja,luottokortin vahvistaja,47,Content opportunity, https://www.prepostseo.com/calc/sales-tax-calculator
 https://toolprime.com/VI/tr%C3%ACnh-x%C3%A1c-th%E1%BB%B1c-th%E1%BA%BB-t%C3%ADn-d%E1%BB%A5ng,trC3ACnh xC3A1c thE1BBB1c thE1BABB tC3ADn dE1BBA5ng,29,Content opportunity, https://www.prepostseo.com/traceroute-track-domain-locations
 https://toolprime.com/NL/creditcardvalidator,creditcardvalidator,75,Content opportunity, https://www.prepostseo.com/tool/credit-card-validator
 https://toolprime.com/PL/walidator-kart-kredytowych,walidator kart kredytowych,68,Content opportunity, https://www.prepostseo.com/tool/credit-card-validator
 https://toolprime.com/NO/kredittkortvalidator,kredittkortvalidator,68,Content opportunity, https://www.prepostseo.com/tool/credit-card-validator
 https://toolprime.com/CS/valid%C3%A1tor-kreditn%C3%ADch-karet,validC3A1tor kreditnC3ADch karet,68,Content opportunity, https://www.prepostseo.com/tool/credit-card-validator
 https://toolprime.com/SV/kreditkortsvalidator,kreditkortsvalidator,68,Content opportunity, https://www.prepostseo.com/tool/credit-card-validator
 https://toolprime.com/RO/validator-card-de-credit,validator card de credit,93,Potentially existing, https://www.prepostseo.com/tool/credit-card-validator
 https://toolprime.com/DA/kreditkortvalidator,kreditkortvalidator,70,Content opportunity, https://www.prepostseo.com/tool/credit-card-validator
 https://toolprime.com/morse-code-translator,morse code translator,63,Content opportunity, https://www.prepostseo.com/tool/binary-translator
 https://toolprime.com/css-editor,css editor,56,Content opportunity, https://www.prepostseo.com/essay-generator
 https://toolprime.com/RU/css-%D1%80%D0%B5%D0%B4%D0%B0%D0%BA%D1%82%D0%BE%D1%80,css D180D0B5D0B4D0B0D0BAD182D0BED180,21,Content opportunity, https://www.prepostseo.com/p/how-to-increase-moztrust-webpage
 https://toolprime.com/ES/editor-css,editor css,56,Content opportunity, https://www.prepostseo.com/essay-generator
 https://toolprime.com/JA/css%E3%82%A8%E3%83%87%E3%82%A3%E3%82%BF%E3%83%BC,cssE382A8E38387E382A3E382BFE383BC,21,Content opportunity, https://www.prepostseo.com/tool/case-converter
 https://toolprime.com/FR/%C3%A9diteur-css,C3A9diteur css,57,Content opportunity, https://www.prepostseo.com/css-beautifier
 https://toolprime.com/ZH/css-%E7%BC%96%E8%BE%91%E5%99%A8,css E7BC96E8BE91E599A8,32,Content opportunity, https://www.prepostseo.com/tool/fake-address-generator
 https://toolprime.com/AR/%D9%85%D8%AD%D8%B1%D8%B1-css,D985D8ADD8B1D8B1 css,27,Content opportunity, https://www.prepostseo.com/minify-css
 https://toolprime.com/ID/penyunting-css,penyunting css,50,Content opportunity, https://www.prepostseo.com/minify-css
 https://toolprime.com/TR/css-d%C3%BCzenleyici,css dC3BCzenleyici,43,Content opportunity, https://www.prepostseo.com/minify-css
 https://toolprime.com/KO/css-%ED%8E%B8%EC%A7%91%EA%B8%B0,css ED8EB8ECA791EAB8B0,33,Content opportunity, https://www.prepostseo.com/tool/credit-card-generator
 https://toolprime.com/FI/css-editori,css editori,57,Content opportunity, https://www.prepostseo.com/minify-css
 https://toolprime.com/IT/redattore-css,redattore css,57,Content opportunity, https://www.prepostseo.com/essay-generator
 https://toolprime.com/PT/editora-css,editora css,54,Content opportunity, https://www.prepostseo.com/essay-generator
 https://toolprime.com/DE/css-editor-werkzeug,css editor werkzeug,49,Content opportunity, https://www.prepostseo.com/tool/online-text-editor
 https://toolprime.com/VI/tr%C3%ACnh-ch%E1%BB%89nh-s%E1%BB%ADa-css,trC3ACnh chE1BB89nh sE1BBADa css,38,Content opportunity, https://www.prepostseo.com/reverse-image-search
 https://toolprime.com/NL/css-editortool,css editortool,48,Content opportunity, https://www.prepostseo.com/essay-generator
 https://toolprime.com/PL/narz%C4%99dzie-edytora-css,narzC499dzie edytora css,43,Content opportunity, https://www.prepostseo.com/tool/online-text-editor
 https://toolprime.com/NO/css-redakt%C3%B8r,css redaktC3B8r,47,Content opportunity, https://www.prepostseo.com/essay-generator
 https://toolprime.com/CS/n%C3%A1stroj-css-editor,nC3A1stroj css editor,46,Content opportunity, https://www.prepostseo.com/tool/online-text-editor
 https://toolprime.com/SV/css-redigerare,css redigerare,63,Content opportunity, https://www.prepostseo.com/tool/credit-card-generator
 https://toolprime.com/RO/instrumentul-editor-css,instrumentul editor css,59,Content opportunity, https://www.prepostseo.com/tool/online-text-editor
 https://toolprime.com/DA/css-editor-v%C3%A6rkt%C3%B8j,css editor vC3A6rktC3B8j,38,Content opportunity, https://www.prepostseo.com/tool/online-text-editor
 https://toolprime.com/javascript-editor,javascript editor,51,Content opportunity, https://www.prepostseo.com/tool/online-text-editor
 https://toolprime.com/sql-editor,sql editor,57,Content opportunity, https://www.prepostseo.com/tool/online-text-editor
 https://toolprime.com/django-editor,django editor,50,Content opportunity, https://www.prepostseo.com/jpg-to-word
 https://toolprime.com/actionscript-editor,actionscript editor,52,Content opportunity, https://www.prepostseo.com/tool/ascii-to-hex
 https://toolprime.com/abap-editor,abap editor,50,Content opportunity, https://www.prepostseo.com/tool/credit-card-validator
 https://toolprime.com/ascii-doc-editor,ascii doc editor,69,Content opportunity, https://www.prepostseo.com/tool/ascii-to-decimal
 https://toolprime.com/assembly-x86-editor,assembly x86 editor,47,Content opportunity, https://www.prepostseo.com/essay-generator
 https://toolprime.com/auto-hot-key-editor,auto hot key editor,54,Content opportunity, https://www.prepostseo.com/tool/online-text-editor
 https://toolprime.com/batch-file-editor,batch file editor,51,Content opportunity, https://www.prepostseo.com/tool/online-text-editor
 https://toolprime.com/c9search-editor,c9search editor,56,Content opportunity, https://www.prepostseo.com/tool/credit-card-validator
 https://toolprime.com/c-and-cpp-editor,c and cpp editor,54,Content opportunity, https://www.prepostseo.com/tool/credit-card-validator
 https://toolprime.com/clojure-editor,clojure editor,54,Content opportunity, https://www.prepostseo.com/text-compare
 https://toolprime.com/cobol-editor,cobol editor,50,Content opportunity, https://www.prepostseo.com/article-rewriter
 https://toolprime.com/snippets-editor,snippets editor,67,Content opportunity, https://www.prepostseo.com/tool/online-text-editor
 https://toolprime.com/stylus-editor,stylus editor,52,Content opportunity, https://www.prepostseo.com/tool/online-text-editor
 https://toolprime.com/svg-editor,svg editor,50,Content opportunity, https://www.prepostseo.com/tool/online-text-editor
 https://toolprime.com/tcl-editor,tcl editor,57,Content opportunity, https://www.prepostseo.com/tool/online-text-editor
 https://toolprime.com/tex-editor,tex editor,71,Content opportunity, https://www.prepostseo.com/tool/online-text-editor
 https://toolprime.com/text-editor,text editor,76,Content opportunity, https://www.prepostseo.com/tool/online-text-editor
 https://toolprime.com/textile-editor,textile editor,69,Content opportunity, https://www.prepostseo.com/tool/online-text-editor
 https://toolprime.com/toml-editor,toml editor,55,Content opportunity, https://www.prepostseo.com/tool/online-text-editor
 https://toolprime.com/twig-editor,twig editor,55,Content opportunity, https://www.prepostseo.com/tool/online-text-editor
 https://toolprime.com/typescript-editor,typescript editor,57,Content opportunity, https://www.prepostseo.com/tool/online-text-editor
 https://toolprime.com/script-editor,script editor,58,Content opportunity, https://www.prepostseo.com/tool/online-text-editor
 https://toolprime.com/velocity-editor,velocity editor,55,Content opportunity, https://www.prepostseo.com/tool/online-text-editor
 https://toolprime.com/verilog-editor,verilog editor,50,Content opportunity, https://www.prepostseo.com/tool/online-text-editor
 https://toolprime.com/xml-editor,xml editor,58,Content opportunity, https://www.prepostseo.com/xml-beautifier
 https://toolprime.com/xquery-editor,xquery editor,52,Content opportunity, https://www.prepostseo.com/tool/online-text-editor
 https://toolprime.com/yaml-editor,yaml editor,55,Content opportunity, https://www.prepostseo.com/tool/online-text-editor
 https://toolprime.com/coffee-editor,coffee editor,54,Content opportunity, https://www.prepostseo.com/ico-converter
 https://toolprime.com/coldfusion-editor,coldfusion editor,51,Content opportunity, https://www.prepostseo.com/code-to-text-ratio
 https://toolprime.com/c#-editor,c editor,55,Content opportunity, https://www.prepostseo.com/tool/credit-card-validator
 https://toolprime.com/volume-of-cube-calculator,volume of cube calculator,67,Content opportunity, https://www.prepostseo.com/calc/cpm-calculator
 https://toolprime.com/area-of-right-triangle,area of right triangle,46,Content opportunity, https://www.prepostseo.com/paraphrasing-tool
 https://toolprime.com/curly-editor,curly editor,55,Content opportunity, https://www.prepostseo.com/tool/credit-card-validator
 https://toolprime.com/d-editor,d editor,55,Content opportunity, https://www.prepostseo.com/tool/credit-card-validator
 https://toolprime.com/diff-editor,diff editor,55,Content opportunity, https://www.prepostseo.com/pdf-to-text
 https://toolprime.com/dart-editor,dart editor,59,Content opportunity, https://www.prepostseo.com/article-rewriter
 https://toolprime.com/dot-editor,dot editor,52,Content opportunity, https://www.prepostseo.com/tool/credit-card-validator
 https://toolprime.com/ejs-editor,ejs editor,57,Content opportunity, https://www.prepostseo.com/tool/online-text-editor
 https://toolprime.com/erlang-editor,erlang editor,52,Content opportunity, https://www.prepostseo.com/tool/online-text-editor
 https://toolprime.com/forth-editor,forth editor,60,Content opportunity, https://www.prepostseo.com/tool/online-text-editor
 https://toolprime.com/area-of-circle,area of circle,50,Content opportunity, https://www.prepostseo.com/tool/hex-to-decimal
 https://toolprime.com/area-of-isosceles-triangle-calculator,area of isosceles triangle calculator,63,Content opportunity, https://www.prepostseo.com/calc/sales-tax-calculator
 https://toolprime.com/area-of-parallelogram-calculator,area of parallelogram calculator,64,Content opportunity, https://www.prepostseo.com/calc/paypal-fee-calculator
 https://toolprime.com/ftl-editor,ftl editor,57,Content opportunity, https://www.prepostseo.com/tool/online-text-editor
 https://toolprime.com/glsl-editor,glsl editor,55,Content opportunity, https://www.prepostseo.com/tool/online-text-editor
 https://toolprime.com/lang-editor,lang editor,62,Content opportunity, https://www.prepostseo.com/tool/online-text-editor
 https://toolprime.com/groovy-editor,groovy editor,52,Content opportunity, https://www.prepostseo.com/tool/online-text-editor
 https://toolprime.com/area-of-rectangle-calculator,area of rectangle calculator,73,Content opportunity, https://www.prepostseo.com/calc/octal-calculator
 https://toolprime.com/diagonal-of-rectangle-calculator,diagonal of rectangle calculator,67,Content opportunity, https://www.prepostseo.com/calc/octal-calculator
 https://toolprime.com/diameter-of-circle-calculator,diameter of circle calculator,68,Content opportunity, https://www.prepostseo.com/calc/confidence-interval-calculator
 https://toolprime.com/haml-editor,haml editor,55,Content opportunity, https://www.prepostseo.com/tool/online-text-editor
 https://toolprime.com/haskell-editor,haskell editor,52,Content opportunity, https://www.prepostseo.com/spell-checker
 https://toolprime.com/haxe-editor,haxe editor,55,Content opportunity, https://www.prepostseo.com/tool/online-text-editor
 https://toolprime.com/html-editor,html editor,62,Content opportunity, https://www.prepostseo.com/html-beautifier
 https://toolprime.com/html_ruby-editor,htmlruby editor,53,Content opportunity, https://www.prepostseo.com/html-beautifier
 https://toolprime.com/ini-editor,ini editor,64,Content opportunity, https://www.prepostseo.com/tool/online-text-editor
 https://toolprime.com/jade-editor,jade editor,55,Content opportunity, https://www.prepostseo.com/tool/online-text-editor
 https://toolprime.com/java-editor,java editor,48,Content opportunity, https://www.prepostseo.com/tool/online-text-editor
 https://toolprime.com/equation-of-the-line-calculator,equation of the line calculator,67,Content opportunity, https://www.prepostseo.com/calc/earnings-per-share-calculator
 https://toolprime.com/height-of-parallelogram-calculator,height of parallelogram calculator,62,Content opportunity, https://www.prepostseo.com/calc/paypal-fee-calculator
 https://toolprime.com/length-of-line-segment-calculator,length of line segment calculator,61,Content opportunity, https://www.prepostseo.com/calc/earnings-per-share-calculator
 https://toolprime.com/perimeter-of-equilateral-triangle-calculator,perimeter of equilateral triangle calculator,53,Content opportunity, https://www.prepostseo.com/calc/sales-tax-calculator
 https://toolprime.com/json-editor,json editor,62,Content opportunity, https://www.prepostseo.com/tool/online-text-editor
 https://toolprime.com/jsoniq-editor,jsoniq editor,65,Content opportunity, https://www.prepostseo.com/tool/online-text-editor
 https://toolprime.com/jsp-editor,jsp editor,54,Content opportunity, https://www.prepostseo.com/spider-simulator
 https://toolprime.com/jsx-editor,jsx editor,57,Content opportunity, https://www.prepostseo.com/tool/online-text-editor
 https://toolprime.com/julia-editor,julia editor,60,Content opportunity, https://www.prepostseo.com/tool/online-text-editor
 https://toolprime.com/latex-editor,latex editor,73,Content opportunity, https://www.prepostseo.com/tool/online-text-editor
 https://toolprime.com/liquid-editor,liquid editor,58,Content opportunity, https://www.prepostseo.com/tool/online-text-editor
 https://toolprime.com/lisp-editor,lisp editor,62,Content opportunity, https://www.prepostseo.com/tool/online-text-editor
 https://toolprime.com/less-editor,less editor,62,Content opportunity, https://www.prepostseo.com/tool/online-text-editor
 https://toolprime.com/perimeter-of-isosceles-triangle-calculator,perimeter of isosceles triangle calculator,58,Content opportunity, https://www.prepostseo.com/calc/sales-tax-calculator
 https://toolprime.com/perimeter-of-parallelogram-calculator,perimeter of parallelogram calculator,59,Content opportunity, https://www.prepostseo.com/calc/paypal-fee-calculator
 https://toolprime.com/perimeter-of-rectangle-calculator,perimeter of rectangle calculator,70,Content opportunity, https://www.prepostseo.com/calc/percentage-calculator
 https://toolprime.com/perimeter-of-right-angled-triangle,perimeter of right angled triangle,52,Content opportunity, https://www.prepostseo.com/p/15-best-writing-and-editing-services-of-2019
 https://toolprime.com/livescript-editor,livescript editor,63,Content opportunity, https://www.prepostseo.com/tool/online-text-editor
 https://toolprime.com/logiql-editor,logiql editor,58,Content opportunity, https://www.prepostseo.com/tool/online-text-editor
 https://toolprime.com/lsl-editor,lsl editor,57,Content opportunity, https://www.prepostseo.com/tool/online-text-editor
 https://toolprime.com/lua-editor,lua editor,57,Content opportunity, https://www.prepostseo.com/tool/online-text-editor
 https://toolprime.com/luapage-editor,luapage editor,56,Content opportunity, https://www.prepostseo.com/tool/online-text-editor
 https://toolprime.com/lucene-editor,lucene editor,65,Content opportunity, https://www.prepostseo.com/tool/online-text-editor
 https://toolprime.com/makefile-editor,makefile editor,55,Content opportunity, https://www.prepostseo.com/tool/online-text-editor
 https://toolprime.com/markdown-editor,markdown editor,55,Content opportunity, https://www.prepostseo.com/tool/online-text-editor
 https://toolprime.com/triangle-angle-calculator,triangle angle calculator,72,Content opportunity, https://www.prepostseo.com/calc/age-calculator
 https://toolprime.com/matlab-editor,matlab editor,52,Content opportunity, https://www.prepostseo.com/tool/online-text-editor
 https://toolprime.com/mushcode-editor,mushcode editor,55,Content opportunity, https://www.prepostseo.com/tool/online-text-editor
 https://toolprime.com/mysql-editor,mysql editor,53,Content opportunity, https://www.prepostseo.com/tool/online-text-editor
 https://toolprime.com/c-editor,c editor,55,Content opportunity, https://www.prepostseo.com/tool/credit-card-validator
 https://toolprime.com/ocaml-editor,ocaml editor,60,Content opportunity, https://www.prepostseo.com/tool/online-text-editor
 https://toolprime.com/pascal-editor,pascal editor,52,Content opportunity, https://www.prepostseo.com/tool/password-generator
 https://toolprime.com/perl-editor,perl editor,59,Content opportunity, https://www.prepostseo.com/spider-simulator
 https://toolprime.com/pgsql-editor,pgsql editor,53,Content opportunity, https://www.prepostseo.com/tool/online-text-editor
 https://toolprime.com/php-editor,php editor,62,Content opportunity,https://rescribe.in/emr.php
 https://toolprime.com/pwershell-editor,pwershell editor,53,Content opportunity, https://www.prepostseo.com/tool/online-text-editor
 https://toolprime.com/prolog-editor,prolog editor,58,Content opportunity, https://www.prepostseo.com/tool/online-text-editor
 https://toolprime.com/properties-editor,properties editor,63,Content opportunity, https://www.prepostseo.com/tool/online-text-editor
 https://toolprime.com/python-editor,python editor,58,Content opportunity, https://www.prepostseo.com/tool/online-text-editor
 https://toolprime.com/r-editor,r editor,54,Content opportunity, https://www.prepostseo.com/tool/online-text-editor
 https://toolprime.com/rdoc-editor,rdoc editor,55,Content opportunity, https://www.prepostseo.com/tool/online-text-editor
 https://toolprime.com/rhtml-editor,rhtml editor,59,Content opportunity, https://www.prepostseo.com/html-beautifier
 https://toolprime.com/ruby-editor,ruby editor,48,Content opportunity, https://www.prepostseo.com/tool/online-text-editor
 https://toolprime.com/rust-editor,rust editor,55,Content opportunity, https://www.prepostseo.com/tool/online-text-editor
 https://toolprime.com/sass-editor,sass editor,55,Content opportunity, https://www.prepostseo.com/tool/password-generator
 https://toolprime.com/scad-editor,scad editor,52,Content opportunity, https://www.prepostseo.com/spider-simulator
 https://toolprime.com/scala-editor,scala editor,53,Content opportunity, https://www.prepostseo.com/tool/online-text-editor
 https://toolprime.com/scheme-editor,scheme editor,58,Content opportunity, https://www.prepostseo.com/tool/online-text-editor
 https://toolprime.com/scss-editor,scss editor,56,Content opportunity, https://www.prepostseo.com/css-beautifier
 https://toolprime.com/sh-editor,sh editor,52,Content opportunity, https://www.prepostseo.com/tool/online-text-editor
 https://toolprime.com/random-movie-name-generator,random movie name generator,67,Content opportunity, https://www.prepostseo.com/tool/random-word-generator
 https://toolprime.com/random-animal-generator,random animal generator,73,Content opportunity, https://www.prepostseo.com/tool/random-word-generator
 https://toolprime.com/grayscale-image,grayscale image,45,Content opportunity, https://www.prepostseo.com/tool/ascii-to-decimal
 https://toolprime.com/adsense-calculator,adsense calculator,100,Existing page, https://www.prepostseo.com/calc/adsense-calculator
 https://toolprime.com/google-malware-checker,google malware checker,100,Existing page, https://www.prepostseo.com/google-malware-checker
 https://toolprime.com/backlink-maker,backlink maker,97,Potentially existing, https://www.prepostseo.com/backlinks-maker
 https://toolprime.com/broken-link-finder,broken link finder,74,Content opportunity, https://www.prepostseo.com/broken-links-checker
 https://toolprime.com/ip-address-location-finder,ip address location finder,62,Content opportunity, https://www.prepostseo.com/tool/fake-address-generator
 https://toolprime.com/upside-down-text-converter,upside down text converter,62,Content opportunity, https://www.prepostseo.com/tool/upside-down-text-generator
 https://toolprime.com/dns-records-checker,dns records checker,100,Existing page, https://www.prepostseo.com/dns-records-checker
 https://toolprime.com/fake-address-generator,fake address generator,100,Existing page, https://www.prepostseo.com/tool/fake-address-generator
 https://toolprime.com/binary-translator,binary translator,100,Existing page, https://www.prepostseo.com/tool/binary-translator
 https://toolprime.com/html-to-markdown,html to markdown,52,Content opportunity, https://www.prepostseo.com/minify-html
 https://toolprime.com/hour-calculator,hour calculator,83,Content opportunity, https://www.prepostseo.com/calc/hex-calculator
 https://toolprime.com/random-country-generator,random country generator,71,Content opportunity, https://www.prepostseo.com/tool/random-word-generator
 https://toolprime.com/random-word-generator,random word generator,100,Existing page, https://www.prepostseo.com/tool/random-word-generator
 https://toolprime.com/fancy-font-generator,fancy font generator,81,Content opportunity, https://www.prepostseo.com/favicon-generator
 https://toolprime.com/image-to-text,image to text,100,Existing page, https://www.prepostseo.com/tool/text-to-image
 https://toolprime.com/pregnancy-calculator,pregnancy calculator,76,Content opportunity, https://www.prepostseo.com/calc/cpc-calculator
 https://toolprime.com/japanese-name-generator,japanese name generator,67,Content opportunity, https://www.prepostseo.com/tool/reverse-text-generator
 https://toolprime.com/pictionary-word-generator,pictionary word generator,74,Content opportunity, https://www.prepostseo.com/tool/password-generator
 https://toolprime.com/work-calculator,work calculator,77,Content opportunity, https://www.prepostseo.com/calc/octal-calculator
 https://toolprime.com/blog,blog,100,Existing page, https://www.prepostseo.com/blog
https://www.poem-generator.org.uk/,wwwpoem generatororguk,55,Content opportunity, https://www.prepostseo.com/tool/reverse-text-generator
https://www.poem-generator.org.uk/free-verse/,free verse,55,Content opportunity, https://www.prepostseo.com/terms-of-use
https://www.poem-generator.org.uk/quick/,quick,32,Content opportunity, https://www.prepostseo.com/css-beautifier
https://www.poem-generator.org.uk/haiku/,haiku,44,Content opportunity,https://rescribe.in/software-license-agreement/rhis/
https://www.poem-generator.org.uk/didactic-cinquain/,didactic cinquain,48,Content opportunity, https://www.prepostseo.com/tool/ascii-to-decimal
https://www.poem-generator.org.uk/rhyming-couplets/,rhyming couplets,46,Content opportunity, https://www.prepostseo.com/minify-css
https://www.poem-generator.org.uk/sonnet/,sonnet,50,Content opportunity, https://www.prepostseo.com/tool/case-converter
https://www.poem-generator.org.uk/villanelle/,villanelle,42,Content opportunity, https://www.prepostseo.com/affiliate
https://www.poem-generator.org.uk/limerick/,limerick,53,Content opportunity, https://www.prepostseo.com/link-search
https://www.poem-generator.org.uk/acrostic/,acrostic,53,Content opportunity, https://www.prepostseo.com/account
https://www.poem-generator.org.uk/love/,love,50,Content opportunity, https://www.prepostseo.com/blog
https://www.poem-generator.org.uk/narrative/,narrative,56,Content opportunity, https://www.prepostseo.com/advertise
https://www.poem-generator.org.uk/line-by-line/,line by line,47,Content opportunity, https://www.prepostseo.com/tool/online-text-editor
https://www.poem-generator.org.uk/concrete/,concrete,67,Content opportunity, https://www.prepostseo.com/contact
https://www.poem-generator.org.uk/tanka/,tanka,42,Content opportunity, https://www.prepostseo.com/link-extractor
https://www.poem-generator.org.uk/alliteration/,alliteration,52,Content opportunity, https://www.prepostseo.com/calc/discount-calculator
https://www.poem-generator.org.uk/app/,app,46,Content opportunity,https://rescribe.in/aboutus.php
